,reconstruction_loss,kl_loss,elbo,cat_acc,epoch,kl_scale,lr,0_acc,1_acc,2_acc,3_acc,4_acc,5_acc,6_acc,7_acc,8_acc,9_acc,10_acc,val_reconstruction_loss,val_kl_loss,val_elbo,val_cat_acc,val_epoch,val_kl_scale,val_lr,val_0_acc,val_1_acc,val_2_acc,val_3_acc,val_4_acc,val_5_acc,val_6_acc,val_7_acc,val_8_acc,val_9_acc,val_10_acc
0,6.90952463954633e-310,6.90952463954633e-310,6.90952463954633e-310,6.9095246395471e-310,6.9095246395471e-310,6.9095246395471e-310,6.9095246395471e-310,6.9095246395471e-310,6.9095246395471e-310,6.9095246395471e-310,6.9095246395471e-310,6.9095246395471e-310,6.9095246395471e-310,6.9095246395471e-310,6.9095246395471e-310,6.9095246395471e-310,6.9095246395471e-310,6.9095246395471e-310,6.9095246395471e-310,6.9095246395479e-310,1.1339952139e-313,6.90952463954633e-310,6.9095246395479e-310,1.1339952899e-313,6.90952463954633e-310,6.9095246395487e-310,6.90952463954554e-310,6.90952463954396e-310,1.1339951095e-313,6.90952463954396e-310,6.90952463954554e-310,6.90952463954396e-310,6.90952463954633e-310,6.90952463955107e-310,6.90952463954396e-310,1.13399587993e-313
1,0.833899974822998,8.074626922607422,0.8339181542396545,0.6647761464118958,0.0,2.2603242086915998e-06,0.0010000000474974513,0.0404929593205452,0.71198970079422,0.008460236713290215,0.002977667609229684,0.02358490601181984,0.7041961550712585,0.003618817776441574,0.0069605568423867226,0.6942917704582214,0.0032102728728204966,0.710837721824646,0.8343254923820496,10.112590789794922,0.8343483209609985,0.633526623249054,0.0,2.2603242086915998e-06,0.0010000000474974513,0.03087054379284382,0.7025821208953857,0.008059701882302761,0.000723981880582869,0.015050167217850685,0.6690331697463989,0.0,0.0045712352730333805,0.6549806594848633,0.0021793274208903313,0.662778377532959
