0,1,dtype,pop,sample_id
4.337,0.615658604456544,parent_1,1,0
4.68757575757576,0.376198337840479,parent_1,3,1
8.373125,1.17030320145394,parent_1,0,2
3.92566666666667,0.363552238179134,parent_1,1,3
8.373125,1.17030320145394,parent_1,2,4
3.92566666666667,0.363552238179134,parent_1,0,5
4.337,0.615658604456544,parent_1,2,6
4.337,0.615658604456544,parent_1,4,7
3.92566666666667,0.363552238179134,parent_1,4,8
4.337,0.615658604456544,parent_1,3,9
