,reconstruction_loss,kl_loss,elbo,cat_acc,epoch,kl_scale,lr,0_acc,1_acc,2_acc,3_acc,4_acc,5_acc,6_acc,7_acc,8_acc,9_acc,10_acc,val_reconstruction_loss,val_kl_loss,val_elbo,val_cat_acc,val_epoch,val_kl_scale,val_lr,val_0_acc,val_1_acc,val_2_acc,val_3_acc,val_4_acc,val_5_acc,val_6_acc,val_7_acc,val_8_acc,val_9_acc,val_10_acc
0,6.90226416716804e-310,6.90226416716804e-310,1.1331681066e-313,1.1331679888e-313,1.13316753674e-313,6.90226416716804e-310,6.90226416716804e-310,6.90226416716804e-310,6.90226416716804e-310,6.90226416716804e-310,6.90226416716804e-310,6.90226416716804e-310,6.90226416716804e-310,6.90226416716804e-310,6.90226416716804e-310,6.90226416716804e-310,6.90226416716804e-310,6.90226416716804e-310,6.90226416716804e-310,6.90226416716884e-310,6.9022641671704e-310,1.1331676568e-313,6.90226416716884e-310,6.9022641671704e-310,1.13316789024e-313,6.90226416716646e-310,6.9022641671712e-310,6.90226416716804e-310,6.90226416716646e-310,6.902264167172e-310,6.90226416716884e-310,6.9022641671736e-310,6.90226416716646e-310,1.1331679367e-313,6.90226416716646e-310,6.90226416716646e-310
1,0.8786617517471313,0.22104835510253906,1.0997101068496704,0.595907986164093,0.0,1.0,0.0010000000474974513,0.02113582007586956,0.6373928189277649,0.0052083334885537624,0.0015159171307459474,0.007444168906658888,0.634803295135498,0.0012180268531665206,0.002718622563406825,0.6224066615104675,0.0,0.6364890336990356,1.1528867483139038,65.90477752685547,67.05765533447266,0.4925534427165985,0.0,1.0,0.0010000000474974513,0.0855710357427597,0.5254114270210266,0.04617886245250702,0.027011383324861526,0.08365018665790558,0.5813872218132019,0.04891439899802208,0.011901467107236385,0.5053306818008423,0.03809523954987526,0.4567759037017822
