,reconstruction_loss,kl_loss,elbo,cat_acc,epoch,kl_scale,lr,0_acc,1_acc,2_acc,3_acc,4_acc,5_acc,6_acc,7_acc,8_acc,9_acc,10_acc,val_reconstruction_loss,val_kl_loss,val_elbo,val_cat_acc,val_epoch,val_kl_scale,val_lr,val_0_acc,val_1_acc,val_2_acc,val_3_acc,val_4_acc,val_5_acc,val_6_acc,val_7_acc,val_8_acc,val_9_acc,val_10_acc
0,6.9315873799413e-310,6.9315873799413e-310,6.9315873799413e-310,6.9315873799413e-310,6.9315873799413e-310,6.9315873799413e-310,6.9315873799413e-310,6.9315873799413e-310,6.9315873799413e-310,6.9315873799413e-310,6.9315873799413e-310,6.9315873799413e-310,6.9315873799413e-310,6.9315873799413e-310,6.9315873799413e-310,6.9315873799421e-310,1.1434896708e-313,6.93158737994053e-310,6.9315873799421e-310,1.1434896708e-313,6.93158737993816e-310,6.9315873799429e-310,6.93158737993974e-310,6.93158737993816e-310,6.9315873799429e-310,6.93158737993974e-310,6.93158737993816e-310,1.1434900712e-313,6.93158737993816e-310,1.14348967963e-313,6.93158737993816e-310,6.93158737994053e-310,6.93158737994606e-310,6.93158737993816e-310,6.93158737993974e-310,6.93158737993816e-310
1,0.8278257250785828,8.156938552856445,0.8278441429138184,0.6649673581123352,0.0,2.2603242086915998e-06,0.0010000000474974513,0.04078361392021179,0.7181952595710754,0.008156606927514076,0.002443792764097452,0.01573033630847931,0.7055046558380127,0.002577319508418441,0.01005944237112999,0.6951634287834167,0.0,0.7081253528594971,0.8678541779518127,15.790888786315918,0.8678898811340332,0.6113162636756897,0.0,2.2603242086915998e-06,0.0010000000474974513,0.026971474289894104,0.6948528289794922,0.006689935922622681,0.014484308660030365,0.033586565405130386,0.6699011921882629,0.00394764170050621,0.0032748342491686344,0.5969355702400208,0.03543543443083763,0.631125271320343
